Content,Video title,Video publish time,Comments added,Average percentage viewed (%),Likes,Views,Impressions,Impressions click-through rate (%)
Wn9L1MD_y0Y,How To Send WhatsApp Messages From Excel Using VBA (Free & Easy) üì≤,19-Dec-20,885,26.36,3057,265002,2152704,6.71
svcv8uub0D0,How to Create an Excel Data Entry Form in 10 Minutes Using Python (No VBA) | Easy & Simple,22-May-21,207,28.48,3112,99259,1069755,5.7
Sb0A9i6d320,Turn An Excel Sheet Into An Interactive Dashboard Using Python (Streamlit),11-Sep-21,192,13.14,10175,442044,11550064,2.79
VwzaNjpcEZ0,Send BULK SMS From Your OWN Number Using EXCEL [Free Template],10-Jul-21,158,27.57,537,50270,341500,9.04
nJHrSvYxzjE,Deploy Your Streamlit Web App on Heroku For Free (fast & easy),20-Mar-21,114,32.44,966,30941,308074,5.22
VqgUkExPvLY,Build a Website in only 12 minutes using Python & Streamlit,1-Jan-22,105,23.56,1897,59870,656636,5.8
7zeAIEPJaoQ,Turn Your Excel File Into A Web App With Python (fast & easy) | Streamlit Tutorial,14-Mar-21,77,18.49,2398,88223,931710,5.89
JoFGrSRj4X4,How to Add a User Authentication Service (Login Form) in Streamlit,26-May-22,66,36.84,392,10576,130571,4.29
T3meVMaV8AA,Automating Word Documents from Excel Using Python | ‚Äòdocxtpl‚Äô Tutorial,1-May-21,66,22.52,745,34943,280059,6.65
xE95tIzCuKM,Turn Your Excel Data Into An Interactive Dashboard Using Python | Pyecharts Tutorial,27-Mar-22,64,18.92,896,24612,541894,2.23
fziZXbeaegc,Create a Data Entry Form for MS Word in 10 Minutes using Python | PySimpleGUI & docxtpl Tutorial,5-Feb-22,62,27.77,421,9668,135605,3.92
MgL9IOCFZ0U,How To Execute A Python Script From Excel Using VBA | Step-by-Step Tutorial [EASY],27-Jul-20,59,39.86,883,42471,423175,5.74
HZU2OtDa2eI,üìà How To Get Stock Data In Excel By Using VBA | Step-by-Step Tutorial,5-Jul-20,58,19.94,304,23304,132069,8.01
i_HgBaL_xjE,How To Send Bulk SMS From Excel With TWILIO + VBA [Free Template],29-May-21,58,29.04,164,9781,109600,5.02
NWD2LSSuyjE,Split Excel Data into Multiple Files by Column Values using Python (fast & easy),15-May-21,54,28.7,237,10331,103126,5.41
Zy9sx4GvjUY,Generate MS Word documents in bulk based on an Excel list using Python,19-Feb-22,53,33.11,238,6382,87552,3.71
oyEMi8sDVOM,Download All Messages & Attachments From Outlook Using Python,19-Mar-22,53,38.24,364,12532,117935,5.13
v49tYBmnnFg,How To Send SMS Messages From Excel With VBA | Step-by-Step Tutorial üí¨,21-Nov-20,53,27.42,362,35044,259872,8.71
PmJ9rkKGqrI,FREE Excel Add-in to Boost Your Productivity,6-Aug-21,49,23.86,294,7972,83453,4.16
Q4RYQv_5oX0,Send Bulk Emails From Your Gmail Account Using Excel VBA (with Attachments) | FREE TEMPLATE üòé,24-Jul-21,46,27.48,135,6397,66639,5.77
hEPoto5xp3k,The EASIEST way to insert a NAVIGATION into your Streamlit app,12-Mar-22,46,41.37,538,15711,148402,5.82
i62VbGSI93A,How to Export WhatsApp Chat History to Excel using Python üì≤ (fast & easy) | Android and iOS,16-Jan-21,46,27.52,271,20518,149428,8.7
3egaMfE9388,Build A Streamlit Web App From Scratch (incl. NoSQL Database + interactive Sankey chart) üöÄ,26-Jun-22,42,13.86,468,12591,211262,3.82
daeMTChs-r4,How To Automate Excel Using Python | Combine Files & Create Charts ü§ì,30-Nov-20,41,29.69,1377,56273,816995,4.77
ZI9T2O7XYxY,Solve Real-World Data Science Tasks in Python | Data Analysis with Pandas & Plotly (Full Tutorial),31-Jan-21,40,14.59,414,12911,133624,5.22
eCbH2nPL9sU,How to Add a User Authentication Service (Login Form) in Streamlit + Database,14-Jun-22,35,23.53,203,6365,89916,4.17
RGR048I5ZDE,Create and Distribute Excel Files using Python and Outlook | Automate Excel with Python,6-Nov-21,34,33.19,270,6170,89369,3.71
4CrZUJtjZkc,How To Easily Insert Python Charts Into Excel,24-Oct-21,33,23.72,438,15027,154981,6.22
TYTPThKKHOQ,4 Pandas Functions That I Wish I Knew Earlier,2-Oct-21,33,53.11,360,4129,50386,4.89
JoonRjMsSdY,"Automate Excel Reporting Using Python (Real-Life-Example) | Pandas, Plotly, Xlwings Tutorial",9-Oct-21,32,21.77,414,14713,166003,5.75
YClmpnpszq8,How to create a Streamlit Multi-Page Web App,24-Jul-22,32,35.21,246,9704,101726,6.29
qyy7xUnK5lg,How To Execute An Excel VBA Macro From Python,21-Aug-21,32,42.3,261,14967,72448,7.14
LzCfNanQ_9c,Create an advanced GUI app with PySimpleGUI (Full Tutorial),17-Jul-22,31,12.62,424,12537,164553,4.69
rmcmQjgFu9I,Send WhatsApp Messages From Excel With VBA Using Twilio | Step-by-Step Tutorial üí¨,8-Nov-20,31,21.06,119,13026,99896,5.3
DroafWQXqDw,Export Pandas DataFrames to new & existing Excel workbook,29-Jan-22,30,38.72,231,11057,89409,7.4
_H5hsUwv8lE,Make a GUI with just ONE LINE of code using Python,10-Apr-22,30,21.32,311,7158,101762,4.7
AHS925L8JVk,Replace Excel Vlookup in Python Using Pandas (fast & easy) | Pandas Merge Tutorial,27-Feb-21,28,40.09,345,13245,115902,7.77
Uyw9fjDKYQY,Find & Replace Values in Multiple Excel Files using Python (fast & easy),15-Jan-22,28,37.62,178,4685,64459,3.44
D7dEQ9LI-8A,Compare Two Excel Sheets with Different Number of Rows and Find Differences using Python,3-Apr-22,27,26.71,385,15348,178023,4.06
tbzPcKRZlHg,Send Daily Push Notifications to Your Phone Using Python | Build A New Year's Resolution BOT (fast),1-Jan-21,26,30.74,512,26379,146417,9.29
BWbPgVmh-bk,How To Create An Interactive Gantt Diagram In Python Using Plotly & Excel | Step-by-Step Tutorial,25-Jul-20,25,22.55,258,15731,88590,6.33
OLrC4J2-pvk,Automate Emails Using Python! Build An Automatic Payment Reminder & Schedule Your Scripts Online,21-Aug-22,24,17.22,235,4800,104308,2.9
TXSOitGoINE,Integrate Lottie Animations Inside Your Streamlit App!,28-Aug-21,24,41.32,239,6600,106598,3.43
_aPa9gZ1s0M,How to Run Python in an Open Excel Workbook (EASY) | Combine Excel & Python | xlwings Tutorial,11-Feb-21,24,20.83,393,22070,178362,7.73
BXAeMICmUSQ,Build A Digital Resume Using Python & Streamlit,28-Aug-22,23,16.15,280,5400,71206,4.36
DyfLlbbPNsc,Python: Split Each Excel Sheet Into Separate Files (fast & easy),5-Jun-21,23,48.79,86,6659,40087,3.18
GeX0g5Zj4Qs,Is PYTHON or VBA better? Which language should you learn? ü§î,17-Dec-21,23,39.19,271,7523,140695,3.47
HcKUU5nNmrs,How To Create A Word Cloud In Python | Tutorial [EASY] üíª,30-Aug-20,23,36.11,377,23941,162555,10.86
ZDffoP6gjxc,Build a Web App to Group & Plot Excel Files in Python with Streamlit,26-Jun-21,23,26.79,321,9875,157828,3.8
pXbvHdWRlJM,Run SQL queries in EXCEL (just like a normal Excel formula ü§Ø),7-Aug-22,22,27.14,338,8268,114705,5.1
4KsP5Et_aWo,Build a Dividend & Portfolio Tracker in Excel by using Python [Free Template],3-Apr-21,21,20.37,140,4550,46781,4.93
iqZ2V8qTYq8,How to use the Pathlib Module in Python | QuickStart Guide for Beginners,16-Oct-21,21,47.23,256,5783,63311,5.92
sh8pErS21rE,How to Split Each Excel Sheet Into a Separate File Using Python,8-Jan-22,21,26.69,102,2866,51253,2.85
w6-28jcr09Q,Python: How to Loop Through Folders and Subfolders,13-Nov-21,21,41.33,308,9416,100508,5.63
Cfb0AXCuPqw,Read Messy & Poorly Structured Excel Files Using Pandas (Python),20-Feb-21,20,32.56,196,5555,61932,5.12
WlQ7t0fC5Gs,Python: Copy Data From Multiple Files to Master File | Read/Write Closed Excel Files Using Openpyxl,17-Jul-21,20,33.21,373,17039,163722,6.22
XCvgyvBFjyM,Install Miniconda (Python) with Jupyter Notebook and Setting Up Virtual Environments on Windows 10,9-Jan-21,20,38.86,317,17415,100770,9.33
XU9SujqOXdE,Turn Your Excel Sheet Into An Interactive Application Using Python (Full Project),6-May-22,20,15.62,315,7829,110209,4.61
dtNnM9T2_rA,Python: Combine All Excel Files in a Folder into One Workbook,3-Jul-21,20,44.92,171,8719,72535,6.33
ZQeh7WVaFRQ,How to Merge Multiple PDF Files in Excel Using Python (fast & easy),17-Apr-21,19,29.71,103,4257,56851,4.4
4SO3CUWPYf0,Deploy Your Streamlit App To Render (Free Heroku Alternative),17-Sep-22,18,28.15,142,2238,39804,3.54
AGCA53gjv5Y,How to Send Push Notifications to Your Phone Using Excel & VBA,19-Jun-21,17,35.28,109,4498,42919,5.28
iIATJtruZBE,Combine Excel & Python | Execute a Python Script from Excel using xlwings | Works on Windows & macOS,31-Jul-21,17,22.6,210,10585,114520,5.21
tEhBD8JcG7Q,Merge multiple PDF files based on their name using Python (Real-World Example),16-Apr-22,17,34.63,154,3432,75519,2.86
Pakgmq1nYm0,How to Get Stock Data & Export It To Excel Using Python | Tutorial [EASY] üíª,6-Sep-20,15,37.4,158,8966,77208,7.69
Tk47jTuBr4I,How to Merge Excel Files with Different Headers in Python,12-Feb-22,15,38.2,125,3068,64414,2.25
0s1TuQrpd_Q,Convert the content from multiple TXT or CSV files into Excel using Python (Real-World Example),3-Sep-22,14,29.09,95,2143,49317,2.84
10enchtesBo,How To Create A Treemap & Sunburst Chart In Python Using Plotly & Excel | Tutorial [EASY] üíª,2-Aug-20,13,20.24,147,6604,65221,3.31
7o6Aqp6kjTg,How To Create A Pie Chart In Python Using Plotly & Excel | Tutorial [EASY] üíª,23-Aug-20,13,28.36,58,4465,64566,4.28
Q-JVrz3CHcU,Python: Group Excel Sheets & Save Them As Separate Workbooks,13-Aug-21,12,22.67,38,1322,36990,2.27
Vmpop2WbdYw,Supercharge Excel With Python üöÄ,26-Feb-22,12,23.28,218,5343,90211,3.39
6QRvFFHZTpM,5 Little Known Pandas Features ü§ì,10-Sep-22,11,33.85,293,4979,96055,3.74
H-w-FmIyoMY,Execute a Python Script from Excel using the MyToolBelt add-in,4-Jun-22,11,23.63,105,2554,56582,3.09
ual8QWlEQH4,The EASIEST way to load multiple EXCEL sheets in PANDAS,24-Sep-22,11,40.53,134,2221,44565,3.49
 -Fs0scDHUT8,"How to Lock Cells in Excel using Python üîí (by Cell Color, Font Style, Formula or Cell Value)",2-Jul-22,10,24.18,56,1688,52938,2.16
0_HlInz6HuM,"How To Remove ‚ÄúMade with Streamlit‚Äù, Hamburger Icon Menu & Streamlit Header",22-Jul-21,10,78.33,115,3708,31197,3.57
DVywiHNIu3A,How To Create Pandas Dataframe From Clipboard #Shorts,24-Apr-21,10,72.55,139,2137,50897,1.82
bIqhyiP2ecc,Turn Your Excel Worksheet Into An Exploratory Data Analysis Report In Just 3 Lines Of Python Code üî•,15-Nov-20,10,30.37,301,9606,99015,6.56
DJJdikCk09A,"Excel SUMIFS, COUNTIFS & AVERAGEIFS in PYTHON (Pandas Library)",12-Jun-21,9,49.77,105,3584,34991,4.51
U0FsDwngsJA,üíª How To Create A GUI In Python Using Tkinter To Display COVID19 Stats | Step-by-Step Tutorial,18-Jul-20,9,15.38,42,3058,38246,4.66
FOULV9Xij_8,How To Add A Contact Form To Your Streamlit App,18-Sep-21,8,27.62,128,5976,89134,2.48
fcNoNPfBjH0,What is this channel all about...,19-Apr-21,8,58.62,47,8974,43357,1.34
m0UPBRJdsas,Build a Weather App in Excel by using Python,10-Apr-21,8,20.23,87,3197,46454,3.98
pms52_-cmc8,Create A Pandas Dataframe Right Inside Excel,4-Sep-21,8,43.51,124,3001,35641,3.56
5fgje_bPNsQ,How To Create A Bar Race Animation Using Excel And Python | Tutorial [EASY] üíª,26-Sep-20,7,31.09,74,2610,39865,4.4
DlaZe46JSaA,How To Create An Animated Bar Chart (Bar Race) In Python Using Plotly & Excel | Tutorial [EASY] üíª,9-Aug-20,7,21.69,119,5534,79838,4.18
EvvmOVyQaVY,Automate Tinder with EXCEL | Step-By-Step Tutorial,25-Sep-21,7,17.39,45,1343,26336,2.67
0LdLFdzD_Ws,Create A Liquid (Water Polo) Chart From Excel Data in Python | ‚ÄòPyeCharts‚Äô Tutorials,8-May-21,6,24.31,70,1538,32561,3.04
HFNkQZ8W_KM,Excel Template To Create Interactive Waterfall Charts | Combines VBA + Python üíª,3-Oct-20,6,16.1,25,806,25739,1.74
HYl-gftg9Rw,How To Save Cookies & Login Data In Selenium VBA (Chrome Webdriver),21-Sep-21,6,81.96,46,2436,325,3.38
InVKYPK73vg,Export a Pandas Dataframe to Excel with Document Properties,1-Aug-22,6,33.42,96,2111,39605,3.66
J-3UBaP2DfM,Save Excel Values From Each Worksheet In A Separate File,22-Jan-22,6,33.93,50,1360,38868,1.9
ZT_hlZLYHyQ,Weighted Average Calculation in Pandas,5-Mar-22,6,42.99,93,1957,53221,2.14
c1zwV8x-zK4,üìà How To Create A Candlestick Chart In Python Using Plotly | Tutorial [EASY],20-Sep-20,6,25.53,92,4666,54793,3.54
8E4se9Ah5o8,MyToolBelt Installation,,5,72.18,22,1309,13,0
TQWwaLqtpq4,How To Create A Waterfall Chart In Python Using Plotly & Excel | Tutorial [EASY] üíª,15-Aug-20,5,25.68,62,2307,48830,2.35
V3Csrk--laM,Create Invoice Filepath,,5,70.11,1,16,5,0
fiFxl2OFAHg,Create Hand Drawn Charts In Excel Using Python (Fast & Easy) | Cutecharts Tutorial üìä,12-Dec-20,5,28.11,48,904,19385,2.4
i9N8QWC6uqQ,How to download the WhatsApp Bulk Sender,,5,62.86,6,1294,12,8.33
jMBaY-rO4G0,How To Create An Interactive Population Pyramid in Python Using Plotly (Fast & Easy),24-Dec-20,5,28.91,55,2121,27618,3.05
JaPj_gOTg6M,Pull Stock Data & Export It To Excel Using Python #shorts,6-Mar-21,4,73.26,89,1961,37686,2.76
RnTqlKzQhRY,PySimpleGUI Retrieve Data,,4,85.97,6,182,78,2.56
8SLiFCnFOEo,Add a snowflake animation to your streamlit web app (quick & easy),24-Dec-21,3,27.17,58,2087,52669,2.15
ldJR61FLhqw,How To Create A GUI Program In Python Using Tkinter (EASY) üíª | Fun Fact Generator,13-Sep-20,3,31.51,46,1994,37525,3.43
GGfvTFA7ZlI,Quick Tip: Excel VBA Debugging,4-Jan-21,2,68.05,14,621,17069,2.01
GiwPRN7Rrms,Create Gauge & Bullet Charts In 3 Seconds Using Excel and Python üêç | Free Excel Template,26-Dec-20,2,27.42,49,2159,35463,4.13
l4Dd1xLfNVY,xlwings - demo,,0,102.23,0,3,0,
pqIjey6Cbhw,"How to resolve ""pytube.exceptions.RegexMatchError""",,0,44.91,0,13,3,0
